step,row,col,x,y,action_idx,action_name,target_row,target_col,target_x,target_y,coverage,best_coverage,valid_actions,q_values,stop_reason
0,20,36,2.2749999999999986,-0.17499999999999982,,,,,,,0.1045,0.1045,[],[],
1,21,35,1.924999999999999,-0.5249999999999995,5,SW,21,35,1.924999999999999,-0.5249999999999995,0.1157,0.1157,"[0,1,2,3,4,5,6,7]","[19.502622604370117,59.214576721191406,64.40806579589844,64.48490905761719,60.68748474121094,65.93190002441406,18.83547019958496,62.29817199707031]",
2,21,34,1.5749999999999993,-0.5249999999999995,6,W,21,34,1.5749999999999993,-0.5249999999999995,0.1196,0.1196,"[0,1,2,3,4,5,6,7]","[17.226980209350586,20.39544105529785,62.371788024902344,66.74930572509766,58.22388458251953,66.0937271118164,67.02019500732422,56.66759490966797]",
3,22,33,1.2249999999999996,-0.8749999999999991,5,SW,22,33,1.2249999999999996,-0.8749999999999991,0.1298,0.1298,"[0,1,2,3,4,5,6,7]","[36.61313247680664,25.835491180419922,40.278316497802734,30.150726318359375,63.68443298339844,73.63623046875,69.9144058227539,73.35994720458984]",
4,22,32,0.875,-0.8749999999999991,6,W,22,32,0.875,-0.8749999999999991,0.1342,0.1342,"[0,1,2,3,4,5,6,7]","[28.208742141723633,17.21357536315918,48.767372131347656,56.62120056152344,59.96406555175781,64.05348205566406,68.24919891357422,66.62942504882812]",
5,21,31,0.5249999999999986,-0.5249999999999995,7,NW,21,31,0.5249999999999986,-0.5249999999999995,0.1356,0.1356,"[0,1,2,3,4,5,6,7]","[59.90804672241211,15.845810890197754,41.69192886352539,29.63686752319336,60.48320388793945,66.0819320678711,67.03241729736328,68.78313446044922]",
6,22,30,0.17499999999999893,-0.8749999999999991,5,SW,22,30,0.17499999999999893,-0.8749999999999991,0.1434,0.1434,"[0,1,2,3,4,5,6,7]","[45.967220306396484,57.27713394165039,48.93330001831055,26.850492477416992,30.67064666748047,80.73653411865234,58.2129020690918,55.72552490234375]",
7,23,29,-0.1750000000000007,-1.2249999999999996,5,SW,23,29,-0.1750000000000007,-1.2249999999999996,0.1565,0.1565,"[0,1,2,3,4,5,6]","[38.298954010009766,64.24634552001953,31.60098648071289,52.89383316040039,62.66401672363281,69.30596160888672,68.6601791381836,16.792499542236328]",
8,23,28,-0.5250000000000004,-1.2249999999999996,6,W,23,28,-0.5250000000000004,-1.2249999999999996,0.1687,0.1687,"[0,1,2,3,4,5,6,7]","[22.412343978881836,37.05696105957031,32.5418586730957,47.97350311279297,64.4420166015625,66.81713104248047,71.32455444335938,69.98754119873047]",
9,23,27,-0.875,-1.2249999999999996,6,W,23,27,-0.875,-1.2249999999999996,0.1799,0.1799,"[0,1,2,3,4,5,6,7]","[57.91900634765625,17.30617332458496,38.819053649902344,52.983123779296875,58.91261291503906,63.461883544921875,64.5163345336914,63.98090362548828]",
10,23,26,-1.2250000000000014,-1.2249999999999996,6,W,23,26,-1.2250000000000014,-1.2249999999999996,0.1877,0.1877,"[0,1,2,3,4,5,6,7]","[55.59002685546875,48.296878814697266,24.271484375,36.363929748535156,55.67302703857422,64.08647918701172,66.88446044921875,65.69219207763672]",
11,22,25,-1.575000000000001,-0.8749999999999991,7,NW,22,25,-1.575000000000001,-0.8749999999999991,0.2022,0.2022,"[0,1,2,3,4,5,6,7]","[64.46122741699219,17.47330093383789,17.21596908569336,56.82688522338867,62.56259536743164,61.0634651184082,67.80393981933594,68.52885437011719]",
12,21,24,-1.9250000000000007,-0.5249999999999995,7,NW,21,24,-1.9250000000000007,-0.5249999999999995,0.2178,0.2178,"[0,1,2,3,4,5,6,7]","[69.04523468017578,52.553916931152344,24.25688934326172,19.873382568359375,33.55772399902344,70.24962615966797,70.679443359375,73.37345123291016]",
13,20,23,-2.2750000000000004,-0.17499999999999982,7,NW,20,23,-2.2750000000000004,-0.17499999999999982,0.2368,0.2368,"[0,1,2,3,4,5,6,7]","[65.2586669921875,57.293495178222656,24.092954635620117,18.8331298828125,55.442420959472656,61.33228302001953,65.05936431884766,69.2969741821289]",
14,19,22,-2.625000000000001,0.1750000000000007,7,NW,19,22,-2.625000000000001,0.1750000000000007,0.2513,0.2513,"[0,1,2,3,4,5,6,7]","[66.69816589355469,42.37596130371094,29.78335189819336,20.51659393310547,54.60280227661133,62.12289047241211,68.79652404785156,71.56915283203125]",
15,18,21,-2.9750000000000005,0.5250000000000004,7,NW,18,21,-2.9750000000000005,0.5250000000000004,0.2669,0.2669,"[0,1,2,3,4,5,6,7]","[64.36759948730469,63.02367401123047,36.94285583496094,23.018110275268555,22.015769958496094,67.25021362304688,69.37737274169922,70.4847412109375]",
16,17,20,-3.325,0.875,7,NW,17,20,-3.325,0.875,0.2805,0.2805,"[0,1,2,3,4,5,6,7]","[60.21106719970703,55.21720886230469,37.907493591308594,34.450401306152344,33.96320343017578,64.07881927490234,64.10489654541016,66.2862319946289]",
17,16,19,-3.6750000000000007,1.2250000000000005,7,NW,16,19,-3.6750000000000007,1.2250000000000005,0.2902,0.2902,"[0,1,2,3,4,5,6,7]","[58.851898193359375,51.55499267578125,47.53119659423828,37.930992126464844,25.16011619567871,65.0184555053711,64.36113739013672,66.3656234741211]",
18,15,18,-4.025,1.5750000000000002,7,NW,15,18,-4.025,1.5750000000000002,0.2985,0.2985,"[0,1,2,3,4,5,6,7]","[60.555641174316406,51.959083557128906,47.63445281982422,37.498619079589844,23.018503189086914,63.214019775390625,64.04815673828125,68.41857147216797]",
19,14,17,-4.375,1.9250000000000007,7,NW,14,17,-4.375,1.9250000000000007,0.3058,0.3058,"[0,1,2,3,4,5,6,7]","[58.762054443359375,60.47180938720703,49.30188751220703,26.99190330505371,22.227163314819336,64.71273803710938,66.2429428100586,67.83772277832031]",
20,13,16,-4.7250000000000005,2.2750000000000004,7,NW,13,16,-4.7250000000000005,2.2750000000000004,0.3121,0.3121,"[0,1,2,3,4,5,6,7]","[60.23295211791992,56.11176681518555,46.40553665161133,24.39482879638672,29.02688217163086,66.1213607788086,66.3636245727539,68.06343841552734]",
21,13,15,-5.075,2.2750000000000004,6,W,13,15,-5.075,2.2750000000000004,0.3194,0.3194,"[0,1,2,3,4,5,6,7]","[59.62700653076172,60.035118103027344,44.53352355957031,23.784107208251953,26.113489151000977,69.51856994628906,70.90711975097656,60.97571563720703]",
22,13,14,-5.425000000000001,2.2750000000000004,6,W,13,14,-5.425000000000001,2.2750000000000004,0.3272,0.3272,"[0,1,2,3,4,5,6,7]","[55.95252990722656,49.565364837646484,41.90613555908203,18.903743743896484,55.596824645996094,61.86878967285156,65.38310241699219,64.6507568359375]",
23,12,13,-5.775,2.625,7,NW,12,13,-5.775,2.625,0.333,0.333,"[0,1,2,3,4,5,6,7]","[56.65553665161133,32.226036071777344,20.902320861816406,44.37114334106445,58.118656158447266,67.56460571289062,62.02078628540039,69.87571716308594]",
24,11,12,-6.125,2.9750000000000005,7,NW,11,12,-6.125,2.9750000000000005,0.3379,0.3379,"[0,1,2,3,4,5,6,7]","[41.25188064575195,42.88044738769531,33.04905319213867,23.362945556640625,56.08167266845703,72.8237533569336,71.80382537841797,73.66213989257812]",
25,11,11,-6.4750000000000005,2.9750000000000005,6,W,11,11,-6.4750000000000005,2.9750000000000005,0.3432,0.3432,"[2,3,4,5,6]","[43.37539291381836,43.093536376953125,43.55448913574219,42.69895935058594,43.19350051879883,61.56797790527344,69.66112518310547,55.273929595947266]",
26,12,10,-6.825,2.625,5,SW,12,10,-6.825,2.625,0.351,0.351,"[0,2,3,4,5,6,7]","[39.25789260864258,38.36661148071289,38.063575744628906,32.76999282836914,53.080989837646484,69.80044555664062,67.97445678710938,61.40388870239258]",
27,13,9,-7.175000000000001,2.2750000000000004,5,SW,13,9,-7.175000000000001,2.2750000000000004,0.3593,0.3593,"[0,1,2,3,4,5,6,7]","[35.67732620239258,37.97848892211914,40.081825256347656,42.09967803955078,59.8071403503418,67.30764770507812,51.84984588623047,47.898712158203125]",
28,14,9,-7.175000000000001,1.9250000000000007,4,S,14,9,-7.175000000000001,1.9250000000000007,0.3627,0.3627,"[0,1,2,3,4,5,6,7]","[41.16216278076172,40.431549072265625,39.4536018371582,57.03060531616211,57.26127624511719,50.19190979003906,42.91897964477539,41.664485931396484]",
29,15,10,-6.825,1.5750000000000002,3,SE,15,10,-6.825,1.5750000000000002,0.3666,0.3666,"[0,1,2,3,4,5,6,7]","[40.81879425048828,41.05309295654297,43.51707458496094,56.088287353515625,54.05522155761719,51.35405731201172,42.31855773925781,41.43914794921875]",
30,16,10,-6.825,1.2250000000000005,4,S,16,10,-6.825,1.2250000000000005,0.3704,0.3704,"[0,1,2,3,4,5,6,7]","[40.50746536254883,41.35115051269531,43.49746322631836,58.09349822998047,61.87276077270508,52.637908935546875,42.29721450805664,40.87223815917969]",
31,17,10,-6.825,0.875,4,S,17,10,-6.825,0.875,0.3753,0.3753,"[0,1,2,3,4,5,6,7]","[33.7799072265625,38.989990234375,40.89146423339844,61.362281799316406,63.98706817626953,60.92578887939453,47.09477996826172,38.10450744628906]",
32,18,9,-7.175000000000001,0.5250000000000004,5,SW,18,9,-7.175000000000001,0.5250000000000004,0.3811,0.3811,"[0,1,2,3,4,5,6,7]","[33.631561279296875,40.81711196899414,43.71440887451172,59.32551193237305,56.58709716796875,59.959957122802734,53.34089279174805,41.692237854003906]",
33,19,8,-7.525,0.1750000000000007,5,SW,19,8,-7.525,0.1750000000000007,0.3865,0.3865,"[0,1,2,3,4,5,6,7]","[31.070634841918945,34.191253662109375,47.47886657714844,57.61650085449219,57.15961456298828,67.88972473144531,57.692604064941406,43.066253662109375]",
34,20,8,-7.525,-0.17499999999999982,4,S,20,8,-7.525,-0.17499999999999982,0.3943,0.3943,"[0,1,2,3,4,5,6,7]","[21.946182250976562,21.57207489013672,50.068050384521484,63.91946792602539,64.72897338867188,57.94682693481445,61.95608901977539,54.848331451416016]",
35,21,8,-7.525,-0.5249999999999995,4,S,21,8,-7.525,-0.5249999999999995,0.405,0.405,"[0,1,2,3,4,5,6,7]","[24.30867576599121,29.35179328918457,60.3470458984375,60.311248779296875,65.4286117553711,58.22554016113281,57.71587371826172,43.218017578125]",
36,22,8,-7.525,-0.8749999999999991,4,S,22,8,-7.525,-0.8749999999999991,0.4147,0.4147,"[0,1,2,3,4,5,6,7]","[34.93033981323242,39.33742141723633,53.9786376953125,61.04388427734375,61.942726135253906,56.6207275390625,53.07624053955078,36.41801834106445]",
37,23,8,-7.525,-1.2249999999999996,4,S,23,8,-7.525,-1.2249999999999996,0.4254,0.4254,"[0,1,2,3,4,5,6,7]","[26.118741989135742,19.146760940551758,58.21680450439453,55.55140686035156,60.100303649902344,57.149070739746094,52.25431823730469,27.12239646911621]",
38,24,7,-7.875,-1.5749999999999993,5,SW,24,7,-7.875,-1.5749999999999993,0.4351,0.4351,"[0,1,2,3,4,5,6,7]","[25.243526458740234,40.73806381225586,46.704498291015625,51.498043060302734,51.9757194519043,52.53456497192383,51.11903762817383,22.440277099609375]",
39,24,8,-7.525,-1.5749999999999993,2,E,24,8,-7.525,-1.5749999999999993,0.438,0.438,"[0,1,2,3,4,5,6,7]","[23.22299575805664,28.413787841796875,54.01905822753906,51.46208572387695,51.94065475463867,43.9116096496582,39.501014709472656,30.203113555908203]",
40,25,7,-7.875,-1.924999999999999,5,SW,25,7,-7.875,-1.924999999999999,0.4453,0.4453,"[0,1,2,3,4,5,6,7]","[28.076778411865234,35.17911148071289,50.388214111328125,50.67087173461914,51.13142013549805,52.30156326293945,29.916004180908203,28.14289093017578]",
41,25,8,-7.525,-1.924999999999999,2,E,25,8,-7.525,-1.924999999999999,0.4482,0.4482,"[0,1,2,3,4,5,6,7]","[25.438335418701172,29.028141021728516,51.74845504760742,48.48695373535156,50.77469253540039,48.05677032470703,31.104942321777344,25.71768569946289]",
42,26,8,-7.525,-2.2749999999999986,4,S,26,8,-7.525,-2.2749999999999986,0.4555,0.4555,"[0,1,2,3,4,5,6,7]","[26.438682556152344,33.053550720214844,50.36867904663086,51.49646759033203,53.946903228759766,40.045021057128906,30.740642547607422,30.588394165039062]",
43,27,9,-7.175000000000001,-2.625,3,SE,27,9,-7.175000000000001,-2.625,0.4677,0.4677,"[0,1,2,3,4,5,6,7]","[18.658618927001953,28.550691604614258,51.994224548339844,53.60651397705078,47.73895263671875,51.15406036376953,27.74654197692871,24.57309913635254]",
44,27,10,-6.825,-2.625,2,E,27,10,-6.825,-2.625,0.4725,0.4725,"[0,1,2,3,4,5,6,7]","[24.53780746459961,34.301963806152344,47.83667755126953,47.240745544433594,45.86280059814453,40.33844757080078,35.95222091674805,24.71314239501953]",
45,28,11,-6.4750000000000005,-2.9749999999999996,3,SE,28,11,-6.4750000000000005,-2.9749999999999996,0.4837,0.4837,"[0,1,2,3,4,5,6,7]","[27.10451316833496,39.572540283203125,48.68513488769531,50.79913330078125,48.15241241455078,42.119606018066406,23.87775993347168,26.50355339050293]",
46,29,11,-6.4750000000000005,-3.3249999999999993,4,S,29,11,-6.4750000000000005,-3.3249999999999993,0.4925,0.4925,"[0,1,2,3,4,5,6,7]","[31.037748336791992,33.657859802246094,49.786964416503906,49.72643280029297,53.833351135253906,51.03617858886719,19.66263771057129,30.592317581176758]",
47,30,10,-6.825,-3.674999999999999,5,SW,30,10,-6.825,-3.674999999999999,0.5002,0.5002,"[0,1,2,3,4,5,6,7]","[13.209179878234863,42.13182830810547,49.14937210083008,48.721309661865234,49.71662521362305,53.0516242980957,45.671749114990234,9.495238304138184]",
48,31,10,-6.825,-4.024999999999999,4,S,31,10,-6.825,-4.024999999999999,0.5046,0.5046,"[0,1,2,3,4,5,6,7]","[22.229145050048828,14.33420467376709,34.985984802246094,44.740089416503906,48.36542510986328,32.59461975097656,30.353355407714844,29.89042854309082]",
49,32,11,-6.4750000000000005,-4.375,3,SE,32,11,-6.4750000000000005,-4.375,0.5105,0.5105,"[0,1,2,3,4,5,6,7]","[15.379236221313477,26.321563720703125,40.51089096069336,41.10356140136719,38.39626693725586,28.215286254882812,22.24424934387207,21.643129348754883]",
50,33,12,-6.125,-4.725,3,SE,33,12,-6.125,-4.725,0.5163,0.5163,"[0,1,2,3,4,5,6,7]","[15.47580337524414,22.091087341308594,39.28385543823242,41.39568328857422,33.29937744140625,25.093236923217773,19.44481086730957,17.90273094177246]",
51,33,13,-5.775,-4.725,2,E,33,13,-5.775,-4.725,0.5202,0.5202,"[0,1,2,3,4,5,6,7]","[13.057001113891602,16.898632049560547,36.76430892944336,28.604795455932617,16.819028854370117,14.678984642028809,14.439311027526855,10.240962028503418]",
52,33,14,-5.425000000000001,-4.725,2,E,33,14,-5.425000000000001,-4.725,0.5241,0.5241,"[0,1,2,3,4,5,6,7]","[7.988001346588135,28.182769775390625,35.873443603515625,33.817138671875,13.771047592163086,9.07608413696289,8.137693405151367,8.489786148071289]",
53,33,15,-5.075,-4.725,2,E,33,15,-5.075,-4.725,0.528,0.528,"[0,1,2,3,4,5,6,7]","[10.027444839477539,33.01701736450195,34.85395050048828,31.63233184814453,6.047746181488037,10.398248672485352,10.03400993347168,9.324972152709961]",
54,33,16,-4.7250000000000005,-4.725,2,E,33,16,-4.7250000000000005,-4.725,0.5309,0.5309,"[0,1,2,3,4,5,6,7]","[12.467804908752441,26.519065856933594,36.29508972167969,34.53374481201172,12.749003410339355,12.202210426330566,12.1295747756958,12.059958457946777]",
55,33,17,-4.375,-4.725,2,E,33,17,-4.375,-4.725,0.5348,0.5348,"[0,1,2,3,4,5,6,7]","[13.206220626831055,28.885820388793945,37.37188720703125,33.82569122314453,13.298006057739258,12.873598098754883,12.740579605102539,12.726860046386719]",
56,33,18,-4.025,-4.725,2,E,33,18,-4.025,-4.725,0.5401,0.5401,"[0,1,2,3,4,5,6,7]","[12.569908142089844,33.37384796142578,39.88147735595703,35.41102600097656,13.058307647705078,12.700836181640625,12.460613250732422,12.581321716308594]",
57,33,19,-3.6750000000000007,-4.725,2,E,33,19,-3.6750000000000007,-4.725,0.5445,0.5445,"[0,1,2,3,4,5,6,7]","[20.936220169067383,31.700796127319336,46.99553680419922,41.677398681640625,21.568613052368164,21.428083419799805,21.054866790771484,20.8210391998291]",
58,33,20,-3.325,-4.725,2,E,33,20,-3.325,-4.725,0.5479,0.5479,"[0,1,2,3,4,5,6,7]","[24.656890869140625,25.66320037841797,46.72634506225586,37.426292419433594,24.824411392211914,24.553647994995117,24.3343563079834,24.1534481048584]",
59,33,21,-2.9750000000000005,-4.725,2,E,33,21,-2.9750000000000005,-4.725,0.5513,0.5513,"[0,1,2,3,4,5,6,7]","[22.066675186157227,27.233591079711914,49.3168830871582,44.25824737548828,22.717269897460938,22.428686141967773,22.059032440185547,22.168867111206055]",
60,33,22,-2.625000000000001,-4.725,2,E,33,22,-2.625000000000001,-4.725,0.5547,0.5547,"[0,1,2,3,4,5,6,7]","[19.66956901550293,33.4024772644043,48.50585174560547,46.50477981567383,21.434036254882812,21.289562225341797,20.838298797607422,20.830528259277344]",
61,34,23,-2.2750000000000004,-5.074999999999999,3,SE,34,23,-2.2750000000000004,-5.074999999999999,0.56,0.56,"[0,1,2,3,4,5,6,7]","[16.6745548248291,43.57892990112305,49.78276443481445,50.41257858276367,18.567272186279297,21.670103073120117,21.296842575073242,21.049001693725586]",
62,35,24,-1.9250000000000007,-5.424999999999999,3,SE,35,24,-1.9250000000000007,-5.424999999999999,0.5644,0.5644,"[0,1,2,3,4,5,6,7]","[17.905746459960938,45.03114318847656,49.41205978393555,49.608280181884766,19.27838134765625,17.87481689453125,17.900997161865234,17.733245849609375]",
63,35,25,-1.575000000000001,-5.424999999999999,2,E,35,25,-1.575000000000001,-5.424999999999999,0.5678,0.5678,"[0,1,2,3,4,5,6,7]","[20.466751098632812,28.0693359375,52.518157958984375,47.96028137207031,20.968894958496094,21.220706939697266,20.59658432006836,18.799880981445312]",
64,36,26,-1.2250000000000014,-5.774999999999999,3,SE,36,26,-1.2250000000000014,-5.774999999999999,0.5722,0.5722,"[0,1,2,3,4,5,6,7]","[20.796146392822266,28.686588287353516,48.874568939208984,49.597930908203125,19.689239501953125,21.889663696289062,20.923246383666992,21.203289031982422]",
65,36,27,-0.875,-5.774999999999999,2,E,36,27,-0.875,-5.774999999999999,0.5761,0.5761,"[0,1,2,3,4,5,6,7]","[11.605337142944336,41.90095138549805,44.74043273925781,29.464580535888672,12.162012100219727,12.357036590576172,12.22005844116211,12.168397903442383]",
66,35,28,-0.5250000000000004,-5.424999999999999,1,NE,35,28,-0.5250000000000004,-5.424999999999999,0.5809,0.5809,"[0,1,2,3,4,5,6,7]","[14.067115783691406,44.22035598754883,44.15205001831055,33.48899459838867,6.00962495803833,12.495437622070312,12.164308547973633,12.420597076416016]",
67,35,29,-0.1750000000000007,-5.424999999999999,2,E,35,29,-0.1750000000000007,-5.424999999999999,0.5863,0.5863,"[0,1,2,3,4,5,6,7]","[21.479951858520508,48.92658233642578,53.23733901977539,52.342430114746094,6.7916436195373535,16.948726654052734,17.893930435180664,20.340213775634766]",
68,35,30,0.17499999999999893,-5.424999999999999,2,E,35,30,0.17499999999999893,-5.424999999999999,0.5916,0.5916,"[0,1,2,3,4,5,6,7]","[21.39163589477539,45.4030876159668,50.14699935913086,47.04047775268555,13.991111755371094,21.045923233032227,19.243938446044922,20.95233726501465]",
69,35,31,0.5249999999999986,-5.424999999999999,2,E,35,31,0.5249999999999986,-5.424999999999999,0.5965,0.5965,"[0,1,2,3,4,5,6,7]","[22.70803451538086,31.52741050720215,52.085899353027344,46.77545928955078,21.707355499267578,21.762142181396484,21.265783309936523,21.78106117248535]",
70,36,32,0.875,-5.774999999999999,3,SE,36,32,0.875,-5.774999999999999,0.5994,0.5994,"[0,1,2,3,4,5,6,7]","[24.56646156311035,35.278282165527344,56.25563049316406,56.59912109375,27.479265213012695,26.66190528869629,26.33791160583496,26.33595085144043]",
71,36,33,1.2249999999999996,-5.774999999999999,2,E,36,33,1.2249999999999996,-5.774999999999999,0.6018,0.6018,"[0,1,2,3,4,5,6,7]","[18.582883834838867,44.3552131652832,51.19023513793945,25.578990936279297,24.966264724731445,24.94430160522461,24.861461639404297,24.911701202392578]",
72,35,34,1.5749999999999993,-5.424999999999999,1,NE,35,34,1.5749999999999993,-5.424999999999999,0.6057,0.6057,"[0,1,2,3,4,5,6,7]","[38.771053314208984,50.89067077636719,49.653289794921875,36.78324890136719,12.979301452636719,19.305381774902344,19.225849151611328,19.463308334350586]",
73,34,35,1.924999999999999,-5.074999999999999,1,NE,34,35,1.924999999999999,-5.074999999999999,0.6091,0.6091,"[0,1,2,3,4,5,6,7]","[48.46918869018555,56.28034973144531,36.19633483886719,45.598365783691406,13.151701927185059,16.12393569946289,18.715164184570312,22.738906860351562]",
74,34,36,2.2749999999999986,-5.074999999999999,2,E,34,36,2.2749999999999986,-5.074999999999999,0.6106,0.6106,"[0,1,2,3,4,5,6,7]","[37.06512451171875,38.33131790161133,38.56934356689453,38.508907318115234,36.30266189575195,29.621200561523438,25.647563934326172,26.61522102355957]",
75,33,37,2.625,-4.725,1,NE,33,37,2.625,-4.725,0.6125,0.6125,"[0,1,2,3,4,5,6,7]","[34.54005432128906,34.68004608154297,34.64509582519531,34.63837432861328,34.50215530395508,34.60689163208008,33.684730529785156,34.40949630737305]",
76,32,37,2.625,-4.375,0,N,32,37,2.625,-4.375,0.613,0.613,"[0,1,2,3,4,5,6,7]","[36.74835968017578,36.454959869384766,36.54548645019531,36.281246185302734,36.28194046020508,36.049560546875,35.94083023071289,36.432613372802734]",
77,31,38,2.9749999999999996,-4.024999999999999,1,NE,31,38,2.9749999999999996,-4.024999999999999,0.6145,0.6145,"[0,1,2,3,4,5,6,7]","[37.137725830078125,39.9655647277832,37.74036407470703,36.88106918334961,36.561100006103516,36.96403503417969,37.02558135986328,36.9406623840332]",
78,30,39,3.3249999999999993,-3.674999999999999,1,NE,30,39,3.3249999999999993,-3.674999999999999,0.6155,0.6155,"[0,1,2,3,4,5,6,7]","[25.71752166748047,63.19764709472656,56.37564468383789,49.73889923095703,22.3682861328125,29.00576400756836,29.039459228515625,29.514995574951172]",
79,30,40,3.674999999999999,-3.674999999999999,2,E,30,40,3.674999999999999,-3.674999999999999,0.6164,0.6164,"[0,1,2,3,4,5,6]","[53.12053298950195,63.05564498901367,64.59085845947266,18.50657081604004,17.52589988708496,16.137239456176758,21.17848777770996,8.883182525634766]",
80,30,41,4.024999999999999,-3.674999999999999,2,E,30,41,4.024999999999999,-3.674999999999999,0.6164,0.6164,"[0,1,2,3,4,5,6,7]","[55.85406494140625,56.56797790527344,56.86723709106445,34.18642044067383,15.456140518188477,13.730833053588867,12.665355682373047,9.443735122680664]",
81,29,42,4.374999999999998,-3.3249999999999993,1,NE,29,42,4.374999999999998,-3.3249999999999993,0.6179,0.6179,"[0,1,2,3,4,5,6,7]","[30.160789489746094,58.94664764404297,47.76773452758789,18.304500579833984,20.556129455566406,14.221810340881348,10.755757331848145,50.338050842285156]",
82,28,43,4.725,-2.9749999999999996,1,NE,28,43,4.725,-2.9749999999999996,0.6223,0.6223,"[0,1,2,3,4,5,6,7]","[38.98322677612305,59.18722915649414,45.05259704589844,18.9561824798584,14.134902954101562,10.990047454833984,8.901876449584961,53.352779388427734]",
83,27,43,4.725,-2.625,0,N,27,43,4.725,-2.625,0.6364,0.6364,"[0,4,5,6,7]","[55.97508239746094,47.597660064697266,11.421945571899414,11.37632942199707,11.82880973815918,15.36347770690918,42.534427642822266,49.389644622802734]",
84,27,44,5.074999999999999,-2.625,2,E,27,44,5.074999999999999,-2.625,0.6403,0.6403,"[2,4,5,6]","[16.42730140686035,28.47068214416504,66.54155731201172,15.906475067138672,36.274803161621094,28.0593204498291,50.200138092041016,61.129642486572266]",
85,27,45,5.424999999999999,-2.625,2,E,27,45,5.424999999999999,-2.625,0.648,0.648,"[2,6]","[18.200218200683594,64.86178588867188,64.77510833740234,49.74574661254883,13.883959770202637,45.83420181274414,45.65812683105469,15.41585636138916]",
86,26,45,5.424999999999999,-2.2749999999999986,0,N,26,45,5.424999999999999,-2.2749999999999986,0.6524,0.6524,"[0,1,2,6]","[71.07254791259766,67.67611694335938,69.94648742675781,41.56282043457031,17.008573532104492,18.13591194152832,34.19102096557617,22.34239959716797]",
87,26,46,5.774999999999999,-2.2749999999999986,2,E,26,46,5.774999999999999,-2.2749999999999986,0.6612,0.6612,"[0,1,2,3,4]","[56.640052795410156,59.27809143066406,63.393226623535156,59.48258972167969,50.45242691040039,24.991615295410156,14.691367149353027,17.13739013671875]",
88,27,47,6.125,-2.625,3,SE,27,47,6.125,-2.625,0.6689,0.6689,"[0,1,2,3,4,5,6,7]","[41.9100227355957,53.32150650024414,54.4777717590332,58.966434478759766,25.021739959716797,46.02376937866211,26.400665283203125,34.710628509521484]",
89,27,48,6.474999999999998,-2.625,2,E,27,48,6.474999999999998,-2.625,0.684,0.684,"[0,1,2,6,7]","[51.02639389038086,54.07020568847656,57.66878890991211,13.217727661132812,3.928859233856201,5.316091060638428,48.91399002075195,52.738040924072266]",
90,27,49,6.824999999999999,-2.625,2,E,27,49,6.824999999999999,-2.625,0.6966,0.6966,"[0,1,2,6,7]","[58.144290924072266,57.20688247680664,60.946807861328125,41.27854537963867,10.186239242553711,19.786075592041016,34.26787567138672,34.078033447265625]",
91,27,50,7.174999999999997,-2.625,2,E,27,50,7.174999999999997,-2.625,0.7035,0.7035,"[0,1,2,3,4,6,7]","[40.17626190185547,29.195524215698242,49.01994323730469,40.53778839111328,39.21781921386719,-3.152291774749756,10.53997802734375,-1.2820696830749512]",
92,26,51,7.524999999999999,-2.2749999999999986,1,NE,26,51,7.524999999999999,-2.2749999999999986,0.7078,0.7078,"[0,1,2,3,4,5,6,7]","[6.312707901000977,42.41049575805664,37.06388473510742,36.51318359375,36.73107147216797,38.31037902832031,-2.646956443786621,-4.021773338317871]",
93,26,52,7.875,-2.2749999999999986,2,E,26,52,7.875,-2.2749999999999986,0.7093,0.7093,"[0,1,2,3,4,5,6,7]","[34.994266510009766,35.574771881103516,36.03042221069336,13.599843978881836,18.802112579345703,20.359989166259766,-12.044225692749023,34.76646423339844]",
94,25,52,7.875,-1.924999999999999,0,N,25,52,7.875,-1.924999999999999,0.7107,0.7107,"[0,1,2,3,4,5,6,7]","[41.04872512817383,35.336483001708984,31.53148651123047,21.660036087036133,7.579275608062744,8.901741027832031,-4.71707010269165,32.57988739013672]",
95,25,53,8.224999999999998,-1.924999999999999,2,E,25,53,8.224999999999998,-1.924999999999999,0.7107,0.7107,"[0,1,2,3,4,5,6,7]","[33.84111785888672,35.91609573364258,37.02032470703125,16.83523178100586,9.015936851501465,-12.546298027038574,30.424053192138672,36.46487808227539]",
96,24,53,8.224999999999998,-1.5749999999999993,0,N,24,53,8.224999999999998,-1.5749999999999993,0.7117,0.7117,"[0,1,2,3,4,5,6,7]","[47.48149108886719,38.3209342956543,33.83845520019531,14.289031028747559,0.10164713859558105,1.0140388011932373,-0.04027104377746582,46.97782897949219]",
97,23,52,7.875,-1.2249999999999996,7,NW,23,52,7.875,-1.2249999999999996,0.7146,0.7146,"[0,1,2,3,4,5,6,7]","[47.6858024597168,22.85253143310547,20.724998474121094,1.986510992050171,1.363168478012085,-1.1951086521148682,46.47052764892578,48.21865463256836]",
98,22,52,7.875,-0.8749999999999991,0,N,22,52,7.875,-0.8749999999999991,0.7151,0.7151,"[0,1,2,3,4,5,6,7]","[29.82299041748047,27.75827407836914,26.246173858642578,19.35309600830078,18.837432861328125,26.477521896362305,26.803672790527344,26.957305908203125]",
99,21,52,7.875,-0.5249999999999995,0,N,21,52,7.875,-0.5249999999999995,0.7156,0.7156,"[0,1,2,3,4,5,6,7]","[26.27798080444336,25.720813751220703,25.60049057006836,20.048351287841797,25.356918334960938,25.30646324157715,25.656770706176758,25.921266555786133]",
100,22,53,8.224999999999998,-0.8749999999999991,3,SE,22,53,8.224999999999998,-0.8749999999999991,0.7156,0.7156,"[0,1,2,3,4,5,6,7]","[24.161863327026367,24.05199432373047,24.423919677734375,24.642024993896484,23.423784255981445,23.797624588012695,24.305219650268555,24.50982093811035]",
101,23,54,8.575,-1.2249999999999996,3,SE,23,54,8.575,-1.2249999999999996,0.7156,0.7156,"[0,1,2,3,4,5,6,7]","[23.85112953186035,23.727460861206055,24.085845947265625,24.166837692260742,15.927742004394531,24.05535125732422,23.866355895996094,24.134035110473633]",
102,24,55,8.924999999999997,-1.5749999999999993,3,SE,24,55,8.924999999999997,-1.5749999999999993,0.7156,0.7156,"[0,1,2,3,4,5,6,7]","[21.0050106048584,21.28573226928711,21.468990325927734,25.120302200317383,21.84683609008789,20.99068832397461,20.81206512451172,21.01618003845215]",
103,25,55,8.924999999999997,-1.924999999999999,4,S,25,55,8.924999999999997,-1.924999999999999,0.7156,0.7156,"[0,2,3,4,5,6,7]","[19.408153533935547,10.331738471984863,21.217153549194336,21.99209976196289,26.634830474853516,21.99851417541504,20.663217544555664,19.877479553222656]",
104,26,55,8.924999999999997,-2.2749999999999986,4,S,26,55,8.924999999999997,-2.2749999999999986,0.7166,0.7166,"[0,1,2,3,4,5,6,7]","[11.570335388183594,11.797882080078125,12.767589569091797,33.4903564453125,37.21536636352539,21.54874038696289,15.199178695678711,12.2559814453125]",
105,27,54,8.575,-2.625,5,SW,27,54,8.575,-2.625,0.719,0.719,"[0,1,2,3,4,5,6,7]","[10.252340316772461,11.393085479736328,10.909561157226562,18.06081199645996,28.13519287109375,32.692291259765625,28.26607894897461,10.408206939697266]",
106,28,53,8.224999999999998,-2.9749999999999996,5,SW,28,53,8.224999999999998,-2.9749999999999996,0.7229,0.7229,"[0,1,2,3,4,5,6,7]","[-0.3012557029724121,4.9651875495910645,-0.8054413795471191,31.037181854248047,31.640933990478516,34.868499755859375,30.871768951416016,19.674842834472656]",
107,29,54,8.575,-3.3249999999999993,3,SE,29,54,8.575,-3.3249999999999993,0.7273,0.7273,"[0,1,2,3,4,5,6,7]","[0.8063085079193115,-3.654279947280884,16.549169540405273,33.188751220703125,32.74186706542969,26.557519912719727,30.90892219543457,21.583080291748047]",
108,30,53,8.224999999999998,-3.674999999999999,5,SW,30,53,8.224999999999998,-3.674999999999999,0.7321,0.7321,"[0,4,5,6,7]","[-0.6261832118034363,0.7163470387458801,-17.566326141357422,-12.634669303894043,11.308430671691895,18.5037841796875,14.544041633605957,1.6073472499847412]",
109,31,53,8.224999999999998,-4.024999999999999,4,S,31,53,8.224999999999998,-4.024999999999999,0.7351,0.7351,"[0,1,2,3,4,5,6,7]","[4.451632022857666,-7.820554733276367,0.49689561128616333,19.043014526367188,22.33928108215332,8.369011878967285,8.882926940917969,6.601315975189209]",
110,32,53,8.224999999999998,-4.375,4,S,32,53,8.224999999999998,-4.375,0.7385,0.7385,"[0,1,2,3,4,5,6,7]","[-4.687101364135742,-10.662649154663086,16.634212493896484,1.5471525192260742,27.858369827270508,9.452959060668945,12.73894214630127,10.853189468383789]",
111,33,54,8.575,-4.725,3,SE,33,54,8.575,-4.725,0.7496,0.7496,"[0,1,2,3,4,6,7]","[3.6127638816833496,-2.2768187522888184,4.5691728591918945,14.743906021118164,6.202489852905273,2.079866409301758,5.140698432922363,5.392240047454834]",
112,34,54,8.575,-5.074999999999999,4,S,34,54,8.575,-5.074999999999999,0.7521,0.7521,"[0,4,5,6,7]","[-2.3873047828674316,-2.803382396697998,-1.6274515390396118,-1.6670433282852173,28.293006896972656,-0.33235299587249756,-2.0655946731567383,-2.0487136840820312]",
113,35,53,8.224999999999998,-5.424999999999999,5,SW,35,53,8.224999999999998,-5.424999999999999,0.754,0.754,"[0,2,3,4,5,6,7]","[3.4723095893859863,3.9884440898895264,3.666900396347046,3.985069990158081,4.026027679443359,4.111859321594238,3.874392032623291,3.80900239944458]",
114,36,52,7.875,-5.774999999999999,5,SW,36,52,7.875,-5.774999999999999,0.755,0.755,"[0,1,2,3,4,5,6,7]","[4.80506706237793,4.753307342529297,4.9216156005859375,4.9999871253967285,5.088062286376953,5.312967300415039,5.140584468841553,5.01039457321167]",
115,36,51,7.524999999999999,-5.774999999999999,6,W,36,51,7.524999999999999,-5.774999999999999,0.7555,0.7555,"[0,1,2,3,4,5,6,7]","[5.6212968826293945,5.739391326904297,5.713638782501221,5.762490749359131,5.737915992736816,5.914739608764648,6.005759239196777,5.798807621002197]",
116,36,50,7.174999999999997,-5.774999999999999,6,W,36,50,7.174999999999997,-5.774999999999999,0.7555,0.7555,"[0,1,2,3,4,5,6,7]","[13.589286804199219,13.499320983886719,13.496097564697266,13.563213348388672,13.736474990844727,13.877450942993164,13.922904968261719,13.73629379272461]",
117,36,49,6.824999999999999,-5.774999999999999,6,W,36,49,6.824999999999999,-5.774999999999999,0.7555,0.7555,"[0,1,2,3,4,5,6,7]","[14.857353210449219,14.735555648803711,14.772981643676758,14.733551025390625,14.887874603271484,14.999290466308594,15.039566040039062,14.878650665283203]",
118,36,48,6.474999999999998,-5.774999999999999,6,W,36,48,6.474999999999998,-5.774999999999999,0.7555,0.7555,"[0,1,2,3,4,5,6,7]","[15.813410758972168,15.734963417053223,15.657193183898926,15.77286148071289,15.824542999267578,15.876766204833984,16.051538467407227,15.888070106506348]",
119,36,47,6.125,-5.774999999999999,6,W,36,47,6.125,-5.774999999999999,0.7555,0.7555,"[0,1,2,3,4,5,6,7]","[16.641132354736328,16.515361785888672,16.50223159790039,16.56279182434082,16.672100067138672,16.57930564880371,16.763765335083008,16.67780303955078]",
120,36,46,5.774999999999999,-5.774999999999999,6,W,36,46,5.774999999999999,-5.774999999999999,0.7555,0.7555,"[0,1,2,3,4,5,6,7]","[17.21068572998047,17.110355377197266,17.227500915527344,17.228755950927734,17.279125213623047,17.309667587280273,17.461837768554688,17.352630615234375]",
121,36,45,5.424999999999999,-5.774999999999999,6,W,36,45,5.424999999999999,-5.774999999999999,0.7555,0.7555,"[0,1,2,3,4,5,6,7]","[17.83102798461914,17.68045425415039,17.739519119262695,17.792316436767578,17.86284637451172,17.927227020263672,17.996017456054688,17.97188949584961]",
122,35,45,5.424999999999999,-5.424999999999999,0,N,35,45,5.424999999999999,-5.424999999999999,0.7555,0.7555,"[0,1,2,3,4,5,6]","[18.4637393951416,18.18212890625,18.315380096435547,18.34828758239746,18.4277286529541,18.413419723510742,18.380226135253906,18.527301788330078]",
123,34,45,5.424999999999999,-5.074999999999999,0,N,34,45,5.424999999999999,-5.074999999999999,0.7555,0.7555,"[0,1,2,3,4]","[19.30474090576172,19.062061309814453,18.98824119567871,18.90198516845703,19.120691299438477,19.017175674438477,19.230823516845703,19.38602066040039]",
124,33,46,5.774999999999999,-4.725,1,NE,33,46,5.774999999999999,-4.725,0.7555,0.7555,"[0,1,2,3,4]","[19.917139053344727,20.093341827392578,19.839115142822266,19.66091537475586,19.7298526763916,19.878877639770508,20.039762496948242,20.00824737548828]",
125,32,47,6.125,-4.375,1,NE,32,47,6.125,-4.375,0.7555,0.7555,"[0,1,2,3,4,5,6,7]","[20.286376953125,20.458608627319336,20.204296112060547,20.0552921295166,20.145713806152344,20.026447296142578,20.144784927368164,20.307998657226562]",
126,31,48,6.474999999999998,-4.024999999999999,1,NE,31,48,6.474999999999998,-4.024999999999999,0.7555,0.7555,"[0,1,2,3,4,5,6,7]","[20.488510131835938,20.605754852294922,20.598770141601562,20.293678283691406,20.376911163330078,20.38687515258789,20.458694458007812,20.503936767578125]",
127,31,49,6.824999999999999,-4.024999999999999,2,E,31,49,6.824999999999999,-4.024999999999999,0.7555,0.7555,"[2,3,4,5,6]","[20.382312774658203,20.556522369384766,20.49502944946289,20.24184799194336,20.200992584228516,20.263870239257812,20.19112777709961,20.33120346069336]",
128,30,50,7.174999999999997,-3.674999999999999,1,NE,30,50,7.174999999999997,-3.674999999999999,0.7555,0.7555,"[0,1,2,3,4,5,6]","[19.343891143798828,19.635700225830078,19.208908081054688,19.001808166503906,18.94326400756836,18.9439697265625,19.09198760986328,19.23841094970703]",
129,29,50,7.174999999999997,-3.3249999999999993,0,N,29,50,7.174999999999997,-3.3249999999999993,0.7555,0.7555,"[0,1,2,3,4,5,6,7]","[18.589696884155273,18.29934310913086,18.06825828552246,18.006322860717773,17.696334838867188,17.809345245361328,15.683218002319336,18.065288543701172]",
130,28,50,7.174999999999997,-2.9749999999999996,0,N,28,50,7.174999999999997,-2.9749999999999996,0.7555,0.7555,"[0,1,2,3,4,5,6,7]","[18.118282318115234,17.7188720703125,17.545822143554688,17.512155532836914,17.244550704956055,17.293622970581055,17.31092643737793,17.5421142578125]",
131,27,50,7.174999999999997,-2.625,0,N,27,50,7.174999999999997,-2.625,0.7555,0.7555,"[0,1,2,3,4,5,6,7]","[17.171680450439453,16.863399505615234,16.7568359375,16.63089370727539,16.62179946899414,16.653064727783203,16.87031364440918,17.057607650756836]",
132,26,50,7.174999999999997,-2.2749999999999986,0,N,26,50,7.174999999999997,-2.2749999999999986,0.7555,0.7555,"[0,1,2,3,4,5,6,7]","[15.462164878845215,15.277131080627441,15.341718673706055,15.106026649475098,15.213995933532715,15.169668197631836,15.425544738769531,15.308066368103027]",
133,25,51,7.524999999999999,-1.924999999999999,1,NE,25,51,7.524999999999999,-1.924999999999999,0.7555,0.7555,"[0,1,2,3,4,5,6,7]","[12.161700248718262,12.201643943786621,12.059821128845215,11.900331497192383,11.934253692626953,11.948593139648438,11.950103759765625,11.99792766571045]",
134,24,51,7.524999999999999,-1.5749999999999993,0,N,24,51,7.524999999999999,-1.5749999999999993,0.7555,0.7555,"[0,1,2,3,4,5,6,7]","[1.8702120780944824,1.7258238792419434,1.6470897197723389,1.3623263835906982,-4.903721809387207,1.282073736190796,1.2850701808929443,1.3813855648040771]",
135,23,52,7.875,-1.2249999999999996,1,NE,23,52,7.875,-1.2249999999999996,0.7555,0.7555,"[0,1,2,3,4,5,6,7]","[-0.11916685104370117,0.11386537551879883,-0.4348926544189453,-0.4825870990753174,-1.372035026550293,-0.5978224277496338,-0.4914886951446533,-0.22419166564941406]",
136,22,53,8.224999999999998,-0.8749999999999991,1,NE,22,53,8.224999999999998,-0.8749999999999991,0.7555,0.7555,"[0,1,2,3,4,5,6,7]","[-1.6556339263916016,-1.6263642311096191,-1.7706327438354492,-1.8823833465576172,-4.204959869384766,-2.105393409729004,-1.8253440856933594,-1.713639259338379]",
137,21,52,7.875,-0.5249999999999995,7,NW,21,52,7.875,-0.5249999999999995,0.7555,0.7555,"[0,1,2,3,4,5,6,7]","[-1.877138614654541,-2.2508912086486816,-2.279013156890869,-2.376491069793701,-5.495611667633057,-2.301692485809326,-2.205003261566162,-1.5567436218261719]",
138,20,51,7.524999999999999,-0.17499999999999982,7,NW,20,51,7.524999999999999,-0.17499999999999982,0.7555,0.7555,"[0,1,2,3,4,5,6,7]","[-2.3877434730529785,-2.6061344146728516,-2.5356316566467285,-2.745266914367676,-2.7621121406555176,-2.6379013061523438,-2.5497260093688965,-2.319221019744873]",
139,19,50,7.174999999999997,0.1750000000000007,7,NW,19,50,7.174999999999997,0.1750000000000007,0.7555,0.7555,"[0,1,2,3,4,5,6,7]","[-2.509230852127075,-2.5290095806121826,-2.5464718341827393,-2.572190523147583,-2.561650514602661,-2.5078213214874268,-3.0465681552886963,-2.4563181400299072]",
140,18,51,7.524999999999999,0.5250000000000004,1,NE,18,51,7.524999999999999,0.5250000000000004,0.7555,0.7555,"[0,1,2,3,4]","[-4.414433002471924,-4.282820224761963,-4.504223346710205,-4.4788432121276855,-4.578134059906006,-6.344089508056641,10.583998680114746,-2.8761119842529297]",
141,17,52,7.875,0.875,1,NE,17,52,7.875,0.875,0.7555,0.7555,"[0,1,2,3,4,5,6,7]","[-2.610307216644287,-2.4438371658325195,-2.723280906677246,-2.646758556365967,-2.864687442779541,-3.0400352478027344,-2.5156311988830566,-2.685408592224121]",
142,18,51,7.524999999999999,0.5250000000000004,5,SW,18,51,7.524999999999999,0.5250000000000004,0.7555,0.7555,"[0,4,5,6,7]","[-2.8551275730133057,-2.732745885848999,-2.924816370010376,-2.5431787967681885,-2.741325616836548,-2.586918592453003,-2.7613327503204346,-2.673837900161743]",
143,18,50,7.174999999999997,0.5250000000000004,6,W,18,50,7.174999999999997,0.5250000000000004,0.7555,0.7555,"[0,1,2,3,4,5,6,7]","[-2.6379997730255127,-2.7728374004364014,-2.8015382289886475,-2.72823166847229,-2.6281321048736572,-2.8451950550079346,-2.3687827587127686,-2.7472293376922607]",
144,19,50,7.174999999999997,0.1750000000000007,4,S,19,50,7.174999999999997,0.1750000000000007,0.7555,0.7555,"[0,1,2,3,4]","[-4.15489387512207,-4.094937324523926,-4.233626365661621,-4.302760124206543,-4.051424026489258,2.6230149269104004,-1.1205968856811523,-1.9990923404693604]",
145,20,50,7.174999999999997,-0.17499999999999982,4,S,20,50,7.174999999999997,-0.17499999999999982,0.7555,0.7555,"[0,1,2,3,4]","[-4.570682525634766,-4.234356880187988,-4.334062576293945,-4.161276817321777,-4.011441230773926,-2.5863687992095947,6.180049896240234,-3.1765172481536865]",
146,21,50,7.174999999999997,-0.5249999999999995,4,S,21,50,7.174999999999997,-0.5249999999999995,0.7555,0.7555,"[0,1,2,3,4]","[-3.0374069213867188,-2.6974425315856934,-2.587599277496338,-2.615324020385742,-2.3291001319885254,-2.180330753326416,-3.0912160873413086,-1.3784642219543457]",
147,21,49,6.824999999999999,-0.5249999999999995,6,W,21,49,6.824999999999999,-0.5249999999999995,0.7555,0.7555,"[0,1,2,3,4,5,6]","[-3.045227527618408,-2.810007095336914,-2.695827007293701,-2.5782041549682617,-2.3439016342163086,-1.9885501861572266,-0.25160932540893555,-1.6096916198730469]",
148,21,48,6.474999999999998,-0.5249999999999995,6,W,21,48,6.474999999999998,-0.5249999999999995,0.7555,0.7555,"[2,3,4,5,6]","[-5.425173759460449,-1.3271558284759521,-1.2150990962982178,-1.0817339420318604,-0.9087684154510498,-0.694800615310669,-0.4122035503387451,-0.4103884696960449]",
149,22,49,6.824999999999999,-0.8749999999999991,3,SE,22,49,6.824999999999999,-0.8749999999999991,0.7555,0.7555,"[2,3,4]","[-0.01132822036743164,-0.14987826347351074,-1.4893319606781006,-0.7683652639389038,-0.7806352376937866,0.7423268556594849,1.1925573348999023,1.8396224975585938]",
150,22,48,6.474999999999998,-0.8749999999999991,6,W,22,48,6.474999999999998,-0.8749999999999991,0.7555,0.7555,"[0,1,2,3,4,5,6,7]","[-7.446719169616699,-0.8062739372253418,-1.0822396278381348,-0.9777073860168457,-0.992687463760376,-1.0014944076538086,12.707039833068848,-1.0549867153167725]",
151,23,48,6.474999999999998,-1.2249999999999996,4,S,23,48,6.474999999999998,-1.2249999999999996,0.7555,0.7555,"[0,1,2,3,4]","[0.7164337635040283,-1.4931399822235107,0.7633852958679199,0.84621262550354,0.9038870334625244,1.3660078048706055,19.212181091308594,3.113438606262207]",
152,22,48,6.474999999999998,-0.8749999999999991,0,N,22,48,6.474999999999998,-0.8749999999999991,0.7555,0.7555,"[0,1,2,3,4]","[12.345407485961914,10.467668533325195,10.602226257324219,10.696645736694336,10.862373352050781,11.097862243652344,29.37456512451172,4.062360763549805]",
153,23,49,6.824999999999999,-1.2249999999999996,3,SE,23,49,6.824999999999999,-1.2249999999999996,0.7555,0.7555,"[0,1,2,3,4]","[1.758496880531311,1.6950632333755493,1.6070021390914917,1.8490267992019653,1.4637664556503296,3.4008750915527344,8.484330177307129,5.169844627380371]",
154,24,49,6.824999999999999,-1.5749999999999993,4,S,24,49,6.824999999999999,-1.5749999999999993,0.7555,0.7555,"[0,1,2,3,4,5,6,7]","[1.5763890743255615,1.9615163803100586,2.0920448303222656,2.1150686740875244,2.2747886180877686,1.866340160369873,1.8573098182678223,1.8860278129577637]",
155,25,49,6.824999999999999,-1.924999999999999,4,S,25,49,6.824999999999999,-1.924999999999999,0.7555,0.7555,"[0,1,2,3,4,5,6,7]","[8.969599723815918,9.085771560668945,9.23847770690918,9.265525817871094,9.371122360229492,9.277423858642578,9.347038269042969,9.140899658203125]",
156,25,48,6.474999999999998,-1.924999999999999,6,W,25,48,6.474999999999998,-1.924999999999999,0.7555,0.7555,"[0,1,2,3,4,5,6,7]","[14.889080047607422,14.898109436035156,14.995353698730469,14.990686416625977,15.131057739257812,15.040750503540039,15.138509750366211,14.87619686126709]",
157,25,47,6.125,-1.924999999999999,6,W,25,47,6.125,-1.924999999999999,0.7555,0.7555,"[0,1,2,3,4,5,6]","[18.980152130126953,19.202356338500977,19.24220848083496,19.14675521850586,19.465303421020508,19.612903594970703,19.90039825439453,19.543743133544922]",
158,25,46,5.774999999999999,-1.924999999999999,6,W,25,46,5.774999999999999,-1.924999999999999,0.7555,0.7555,"[2,3,4,5,6]","[20.16310691833496,20.7362003326416,21.01764678955078,20.94388198852539,21.48697853088379,21.843793869018555,28.202770233154297,21.985692977905273]",
159,25,45,5.424999999999999,-1.924999999999999,6,W,25,45,5.424999999999999,-1.924999999999999,0.7555,0.7555,"[2,3,4,5,6]","[18.26480484008789,23.378177642822266,23.293087005615234,23.460376739501953,23.94974136352539,23.982725143432617,24.678171157836914,32.78788375854492]",
160,26,46,5.774999999999999,-2.2749999999999986,3,SE,26,46,5.774999999999999,-2.2749999999999986,0.7555,0.7555,"[2,3,4]","[28.340547561645508,25.757946014404297,23.795413970947266,24.5871639251709,24.393531799316406,24.586624145507812,29.891481399536133,26.72374153137207]",
161,26,45,5.424999999999999,-2.2749999999999986,6,W,26,45,5.424999999999999,-2.2749999999999986,0.7555,0.7555,"[0,1,2,3,4,5,6,7]","[23.276084899902344,24.527698516845703,24.528940200805664,24.411367416381836,24.665761947631836,24.698455810546875,25.027502059936523,24.479503631591797]",
162,27,45,5.424999999999999,-2.625,4,S,27,45,5.424999999999999,-2.625,0.7555,0.7555,"[0,1,2,3,4]","[25.56057357788086,25.38219451904297,25.348533630371094,25.556774139404297,25.70471954345703,25.854961395263672,26.5083065032959,27.446096420288086]",
163,27,44,5.074999999999999,-2.625,6,W,27,44,5.074999999999999,-2.625,0.7555,0.7555,"[0,1,2,6]","[24.890186309814453,25.04037857055664,25.250385284423828,25.266389846801758,25.788679122924805,26.33362579345703,25.941831588745117,25.8670597076416]",
164,27,43,4.725,-2.625,6,W,27,43,4.725,-2.625,0.7555,0.7555,"[2,6]","[25.014806747436523,24.58783531188965,24.395998001098633,24.987504959106445,25.673389434814453,25.629858016967773,34.752689361572266,25.420244216918945]",
165,27,42,4.374999999999998,-2.625,6,W,27,42,4.374999999999998,-2.625,0.7555,0.7555,"[2,4,5,6]","[26.201129913330078,25.99488067626953,25.453237533569336,25.989574432373047,26.330263137817383,26.48249053955078,28.384801864624023,30.08540916442871]",
166,26,42,4.374999999999998,-2.2749999999999986,0,N,26,42,4.374999999999998,-2.2749999999999986,0.7555,0.7555,"[0,2,3,4,5,6,7]","[43.36891174316406,19.46249771118164,22.869815826416016,23.346696853637695,24.029752731323242,23.766695022583008,30.35952377319336,32.227718353271484]",
167,25,41,4.024999999999999,-1.924999999999999,7,NW,25,41,4.024999999999999,-1.924999999999999,0.7569,0.7569,"[0,4,5,6,7]","[46.1547737121582,9.661380767822266,22.518230438232422,23.528942108154297,23.815650939941406,23.950841903686523,26.42264175415039,49.41183090209961]",
168,24,40,3.674999999999999,-1.5749999999999993,7,NW,24,40,3.674999999999999,-1.5749999999999993,0.7579,0.7579,"[0,1,2,3,4,5,6,7]","[37.971920013427734,39.36785888671875,19.312828063964844,20.526897430419922,20.590457916259766,21.401416778564453,28.085037231445312,42.004859924316406]",
169,23,40,3.674999999999999,-1.2249999999999996,0,N,23,40,3.674999999999999,-1.2249999999999996,0.7608,0.7608,"[0,1,2,3,4,5,6,7]","[49.527801513671875,40.153038024902344,16.100927352905273,16.165494918823242,13.615201950073242,23.221717834472656,40.50779724121094,44.93825149536133]",
170,22,40,3.674999999999999,-0.8749999999999991,0,N,22,40,3.674999999999999,-0.8749999999999991,0.7667,0.7667,"[0,1,2,3,4,5,6,7]","[50.6081428527832,39.70314025878906,39.26232147216797,12.659010887145996,25.589420318603516,14.473206520080566,41.762245178222656,45.8856086730957]",
171,21,39,3.3249999999999993,-0.5249999999999995,7,NW,21,39,3.3249999999999993,-0.5249999999999995,0.7691,0.7691,"[0,1,2,3,4,5,6,7]","[44.38418960571289,44.7816276550293,38.65294647216797,1.386897087097168,1.3502416610717773,25.136707305908203,38.64816665649414,45.086326599121094]",
172,20,38,2.9749999999999996,-0.17499999999999982,7,NW,20,38,2.9749999999999996,-0.17499999999999982,0.7705,0.7705,"[0,1,2,3,4,5,6,7]","[44.22903060913086,40.98851776123047,42.379554748535156,3.181281089782715,1.5673551559448242,21.93844985961914,39.093170166015625,45.57135772705078]",
173,19,37,2.625,0.1750000000000007,7,NW,19,37,2.625,0.1750000000000007,0.7705,0.7705,"[0,1,2,3,4,5,6,7]","[44.9951057434082,42.68169021606445,18.733951568603516,5.369805335998535,6.331774711608887,40.261993408203125,21.053150177001953,49.583187103271484]",
174,19,38,2.9749999999999996,0.1750000000000007,2,E,19,38,2.9749999999999996,0.1750000000000007,0.7735,0.7735,"[0,1,2,3,4,5,6,7]","[36.149513244628906,37.99620819091797,46.44429016113281,13.525362014770508,13.08698844909668,32.041259765625,31.96226692199707,32.13908386230469]",
175,18,39,3.3249999999999993,0.5250000000000004,1,NE,18,39,3.3249999999999993,0.5250000000000004,0.7793,0.7793,"[0,1,2,3,4,5,6,7]","[34.805320739746094,48.360862731933594,34.500816345214844,27.090038299560547,20.362886428833008,21.47766876220703,28.67662239074707,24.77910041809082]",
176,18,40,3.674999999999999,0.5250000000000004,2,E,18,40,3.674999999999999,0.5250000000000004,0.7919,0.7919,"[2,3,4,5,6]","[20.994665145874023,57.23143768310547,63.08936309814453,33.70814514160156,15.163230895996094,16.790117263793945,27.046689987182617,21.02487564086914]",
177,17,41,4.024999999999999,0.875,1,NE,17,41,4.024999999999999,0.875,0.8036,0.8036,"[0,1,2,3,4,5,6]","[50.223419189453125,54.285667419433594,38.19282531738281,23.208457946777344,13.148158073425293,21.6351318359375,24.460708618164062,11.30917739868164]",
178,16,42,4.374999999999998,1.2250000000000005,1,NE,16,42,4.374999999999998,1.2250000000000005,0.8109,0.8109,"[0,1,2,3,4,5,6,7]","[51.67886734008789,51.837032318115234,44.95356750488281,1.6080589294433594,12.614742279052734,15.855878829956055,3.021108627319336,49.6705207824707]",
179,15,41,4.024999999999999,1.5750000000000002,7,NW,15,41,4.024999999999999,1.5750000000000002,0.8196,0.8196,"[0,1,2,3,4,5,6,7]","[47.06309509277344,45.08057403564453,35.83192443847656,3.398681640625,3.5157299041748047,15.235841751098633,26.407791137695312,47.78529357910156]",
180,14,41,4.024999999999999,1.9250000000000007,0,N,14,41,4.024999999999999,1.9250000000000007,0.8284,0.8284,"[0,1,2,3,4,5,6,7]","[47.37849807739258,29.870586395263672,38.82961654663086,17.52011489868164,17.409748077392578,17.32868766784668,31.265262603759766,42.747764587402344]",
181,13,41,4.024999999999999,2.2750000000000004,0,N,13,41,4.024999999999999,2.2750000000000004,0.8357,0.8357,"[0,1,2,3,4,5,6,7]","[44.376869201660156,32.49397277832031,28.622961044311523,14.068595886230469,13.895448684692383,14.149894714355469,37.904457092285156,41.819847106933594]",
182,12,40,3.674999999999999,2.625,7,NW,12,40,3.674999999999999,2.625,0.8439,0.8439,"[0,1,2,3,4,5,6,7]","[43.43671417236328,40.897300720214844,12.96577262878418,12.572118759155273,11.586841583251953,12.75461196899414,34.54039764404297,44.741554260253906]",
183,11,40,3.674999999999999,2.9750000000000005,0,N,11,40,3.674999999999999,2.9750000000000005,0.8522,0.8522,"[0,1,2,3,4,5,6,7]","[55.22519302368164,43.43918991088867,20.899898529052734,17.732994079589844,19.58270263671875,24.16256332397461,17.81789779663086,51.83576202392578]",
184,10,39,3.3249999999999993,3.325,7,NW,10,39,3.3249999999999993,3.325,0.8649,0.8649,"[0,1,2,3,4,5,6,7]","[48.90311050415039,45.62531661987305,22.489391326904297,15.831652641296387,5.3407087326049805,16.912303924560547,41.69614028930664,50.99770736694336]",
185,9,39,3.3249999999999993,3.6750000000000003,0,N,9,39,3.3249999999999993,3.6750000000000003,0.8751,0.8751,"[0,1,2,3,4,5,6,7]","[39.0189208984375,32.76309585571289,13.201630592346191,-7.600502967834473,-4.883780479431152,11.637261390686035,38.1466064453125,38.08315658569336]",
186,8,38,2.9749999999999996,4.025,7,NW,8,38,2.9749999999999996,4.025,0.8843,0.8843,"[0,1,2,3,4,5,6,7]","[22.311506271362305,-2.425333023071289,-5.037646293640137,-5.245858669281006,-18.391685485839844,-21.282114028930664,16.601091384887695,25.32120704650879]",
187,7,37,2.625,4.375,7,NW,7,37,2.625,4.375,0.8921,0.8921,"[0,1,2,3,4,5,6,7]","[21.821334838867188,-2.2140626907348633,-1.3203191757202148,-3.5848450660705566,-9.884944915771484,11.882875442504883,24.969955444335938,25.918209075927734]",
188,7,36,2.2749999999999986,4.375,6,W,7,36,2.2749999999999986,4.375,0.8969,0.8969,"[0,1,2,3,4,5,6,7]","[11.790731430053711,-1.102546215057373,-1.0172476768493652,-2.5292978286743164,-2.2905726432800293,21.36200523376465,25.397863388061523,24.36427879333496]",
189,7,35,1.924999999999999,4.375,6,W,7,35,1.924999999999999,4.375,0.9013,0.9013,"[0,1,2,3,4,5,6,7]","[8.834552764892578,-3.446725606918335,-3.2723069190979004,-3.3013288974761963,-2.4507484436035156,3.4557714462280273,16.08069610595703,10.288296699523926]",
190,6,34,1.5749999999999993,4.725,7,NW,6,34,1.5749999999999993,4.725,0.9062,0.9062,"[0,1,2,3,4,5,6,7]","[-8.23373794555664,-1.5989400148391724,-1.4611660242080688,-1.2889755964279175,-0.7919565439224243,5.909139633178711,6.089256286621094,13.943848609924316]",
191,6,33,1.2249999999999996,4.725,6,W,6,33,1.2249999999999996,4.725,0.9096,0.9096,"[0,1,2,3,4,5,6,7]","[-5.050008296966553,-7.052722454071045,-7.481561183929443,-7.274720191955566,-6.186062335968018,2.436917781829834,14.889650344848633,14.731229782104492]",
192,5,32,0.875,5.075,7,NW,5,32,0.875,5.075,0.9135,0.9135,"[0,1,2,3,4,5,6,7]","[-4.564797878265381,-7.731060981750488,-7.7816948890686035,-7.995989799499512,-6.628501892089844,10.252848625183105,7.802425384521484,13.616090774536133]",
193,4,31,0.5249999999999986,5.425,7,NW,4,31,0.5249999999999986,5.425,0.9164,0.9164,"[0,1,2,3,4,5,6,7]","[-5.4813337326049805,-6.829296112060547,-7.219715118408203,-7.43190860748291,-6.770447731018066,-6.398283004760742,14.862873077392578,16.30954933166504]",
194,3,30,0.17499999999999893,5.775,7,NW,3,30,0.17499999999999893,5.775,0.9193,0.9193,"[0,1,2,3,4,5,6,7]","[-6.040088653564453,-7.764969825744629,-7.866524696350098,-10.989336013793945,-7.5193986892700195,-1.8799505233764648,15.478059768676758,16.545215606689453]",
195,3,29,-0.1750000000000007,5.775,6,W,3,29,-0.1750000000000007,5.775,0.9217,0.9217,"[0,1,2,3,4,5,6,7]","[-8.335611343383789,-9.517228126525879,-9.549412727355957,-10.09366226196289,-8.647744178771973,6.791834831237793,13.934070587158203,13.6591796875]",
196,2,28,-0.5250000000000004,6.125,7,NW,2,28,-0.5250000000000004,6.125,0.9237,0.9237,"[0,1,2,3,4,5,6,7]","[-10.572933197021484,-9.821653366088867,-9.754481315612793,-10.23316478729248,-8.125354766845703,12.297219276428223,11.096053123474121,13.25014591217041]",
197,2,27,-0.875,6.125,6,W,2,27,-0.875,6.125,0.9271,0.9271,"[0,1,2,3,4,5,6,7]","[-11.421852111816406,-10.815802574157715,-11.316646575927734,-11.581151962280273,-3.3540375232696533,10.383577346801758,13.698492050170898,12.62744140625]",
198,1,26,-1.2250000000000014,6.475,7,NW,1,26,-1.2250000000000014,6.475,0.9295,0.9295,"[0,1,2,3,4,5,6,7]","[-17.893081665039062,-12.33281421661377,-12.763490676879883,-11.793792724609375,-3.995384693145752,14.953277587890625,16.519865036010742,18.288314819335938]",
199,2,25,-1.575000000000001,6.125,5,SW,2,25,-1.575000000000001,6.125,0.9339,0.9339,"[2,3,4,5,6]","[-20.27417755126953,-10.980748176574707,-10.377657890319824,-12.394603729248047,5.784358978271484,18.746610641479492,16.379077911376953,0.993565559387207]",
200,1,24,-1.9250000000000007,6.475,7,NW,1,24,-1.9250000000000007,6.475,0.9353,0.9353,"[0,1,2,3,4,5,6,7]","[-12.871036529541016,-11.757298469543457,-11.497903823852539,-10.718770027160645,-9.072836875915527,12.921463966369629,14.89863109588623,15.652924537658691]",
201,2,23,-2.2750000000000004,6.125,5,SW,2,23,-2.2750000000000004,6.125,0.9392,0.9392,"[2,3,4,5,6]","[-19.61033058166504,-12.885129928588867,-10.638843536376953,-10.831634521484375,6.864970684051514,16.178539276123047,14.32789421081543,4.440624713897705]",
202,2,22,-2.625000000000001,6.125,6,W,2,22,-2.625000000000001,6.125,0.9421,0.9421,"[0,1,2,3,4,5,6,7]","[-11.971896171569824,-12.430656433105469,-11.861337661743164,-11.425570487976074,-10.27779769897461,13.843465805053711,16.328142166137695,15.311117172241211]",
203,2,21,-2.9750000000000005,6.125,6,W,2,21,-2.9750000000000005,6.125,0.9451,0.9451,"[0,1,2,3,4,5,6,7]","[-12.105411529541016,-11.955723762512207,-12.0072603225708,-11.781608581542969,-8.077000617980957,11.768218040466309,16.10152816772461,15.566851615905762]",
204,2,20,-3.325,6.125,6,W,2,20,-3.325,6.125,0.948,0.948,"[0,1,2,3,4,5,6,7]","[-11.717279434204102,-12.033843040466309,-11.930806159973145,-11.585843086242676,-2.8735289573669434,11.117557525634766,13.654130935668945,12.91473388671875]",
205,2,19,-3.6750000000000007,6.125,6,W,2,19,-3.6750000000000007,6.125,0.9509,0.9509,"[0,1,2,3,4,5,6,7]","[-13.030214309692383,-13.220646858215332,-13.247852325439453,-12.853437423706055,-3.5572900772094727,14.540924072265625,14.705709457397461,14.250438690185547]",coverage_goal
